Industry,avg_rs_3m,avg_rs_6m,avg_daily_score,avg_weekly_score,avg_combined_score,stock_count,actionable_daily,actionable_weekly,strong_combined,rs_score,rs_rank,current_rank,prev_rank,prev_avg_combined_score,prev_rs_rank,prev_strong_combined,prev_actionable_daily,prev_actionable_weekly,rank_change,combined_score_change,strong_combined_change,actionable_daily_change,actionable_weekly_change,new_cluster
Forest Materials,18.366666666666667,25.666666666666668,35.54666666666667,42.96,38.88333333333333,3,0,1,0,22.016666666666666,90.9090909090909,1,1,38.79333333333333,86.36363636363636,0,0,1,0,0.09,0,0,0,False
Healthcare,8.539538461538463,25.90246153846154,23.38646153846154,34.90538461538461,28.570153846153847,65,0,11,0,17.221000000000004,81.81818181818183,2,2,30.79923076923077,81.81818181818183,0,0,12,0,-2.23,0,0,-1,False
Automobile and Auto Components,8.984285714285715,21.537551020408163,16.547755102040817,35.49734693877551,25.07510204081633,49,0,6,0,15.260918367346939,72.72727272727273,3,3,25.2430612244898,72.72727272727273,0,0,5,0,-0.17,0,0,1,False
Capital Goods,7.3120183486238535,25.686422018348626,18.517064220183485,31.662201834862383,24.43256880733945,109,0,12,0,16.49922018348624,77.27272727272727,4,4,24.057454545454547,77.27272727272727,0,0,15,0,0.38,0,0,-3,False
"Media, Entertainment & Publication",1.4509090909090914,6.306363636363638,16.10818181818182,32.334545454545456,23.41090909090909,11,0,1,0,3.8786363636363648,31.818181818181817,5,7,22.07090909090909,31.818181818181817,0,0,1,2,1.34,0,0,0,False
"Oil, Gas & Consumable Fuels",7.173157894736842,16.436842105263157,17.672105263157892,29.055789473684214,22.795263157894738,19,0,2,0,11.805,68.18181818181817,6,5,23.28,68.18181818181817,0,0,2,-1,-0.48,0,0,0,False
Consumer Services,5.900952380952381,10.341904761904763,12.99952380952381,33.21404761904762,22.097380952380952,42,0,2,0,8.121428571428572,54.54545454545454,7,6,22.495238095238093,54.54545454545454,0,0,2,-1,-0.4,0,0,0,False
Telecommunication,2.1516666666666664,52.262499999999996,15.428333333333335,29.058333333333334,21.5625,12,0,0,0,27.20708333333333,100.0,8,11,21.021666666666665,100.0,0,0,0,3,0.54,0,0,0,False
Utilities,9.29,29.735000000000003,10.835,34.0,21.255,2,0,0,0,19.512500000000003,86.36363636363636,9,8,21.76,95.45454545454544,0,0,0,-1,-0.51,0,0,0,False
Chemicals,5.11625,16.434464285714288,16.77607142857143,26.514642857142857,21.15875,56,0,3,0,10.775357142857144,63.63636363636363,10,12,20.616964285714285,63.63636363636363,0,0,3,2,0.54,0,0,0,False
Financial Services,0.716608695652174,9.302434782608696,11.860695652173913,32.418695652173916,21.112521739130436,115,0,7,0,5.0095217391304345,40.909090909090914,11,10,21.313826086956524,36.36363636363637,0,0,7,-1,-0.2,0,0,0,False
Metals & Mining,5.949523809523809,4.939047619047619,15.183809523809524,26.799047619047617,20.410476190476192,21,0,1,0,5.444285714285714,45.45454545454545,12,9,21.472857142857144,45.45454545454545,0,0,1,-3,-1.06,0,0,0,False
Services,4.907,15.020666666666667,13.256666666666666,29.10733333333333,20.388666666666666,30,0,2,0,9.963833333333334,59.09090909090909,13,13,20.37133333333333,59.09090909090909,0,0,1,0,0.02,0,0,1,False
Realty,0.588888888888889,11.984444444444444,11.306111111111111,30.91,20.128333333333334,18,0,0,0,6.286666666666666,50.0,14,14,19.09777777777778,50.0,0,0,0,0,1.03,0,0,0,False
Textiles,9.0675,38.834375,16.96375,20.131249999999998,18.389375,16,0,0,0,23.950937500000002,95.45454545454545,15,15,18.975625,90.9090909090909,0,0,0,0,-0.59,0,0,0,False
Fast Moving Consumer Goods,0.04931818181818202,0.6972727272727273,10.06840909090909,28.224090909090908,18.239545454545453,44,0,2,0,0.37329545454545465,22.727272727272727,16,16,18.802727272727275,22.727272727272727,0,0,3,0,-0.56,0,0,-1,False
Information Technology,5.11421052631579,4.206052631578948,8.328157894736842,28.46526315789474,17.38973684210526,38,0,2,0,4.660131578947369,36.36363636363637,17,17,17.44078947368421,40.909090909090914,0,0,2,0,-0.05,0,0,0,False
Construction Materials,-3.18,-6.608666666666666,6.6353333333333335,30.447999999999997,17.351333333333333,15,0,0,0,-4.894333333333333,4.545454545454546,18,19,16.15,4.545454545454546,0,0,0,1,1.2,0,0,0,False
Consumer Durables,-2.3329268292682928,4.743658536585366,6.94609756097561,28.75536585365854,16.759999999999998,41,0,2,0,1.2053658536585368,27.27272727272727,19,18,16.907804878048783,27.27272727272727,0,0,2,-1,-0.15,0,0,0,False
Construction,-3.0811111111111114,3.141111111111112,11.22111111111111,22.99037037037037,16.517037037037035,27,0,1,0,0.03000000000000025,18.181818181818183,20,20,16.022222222222222,13.636363636363637,0,0,1,0,0.49,0,0,0,False
Power,-4.180526315789474,1.0352631578947367,8.567368421052631,19.831052631578945,13.63578947368421,19,0,0,0,-1.5726315789473686,9.090909090909092,21,21,14.08736842105263,9.090909090909092,0,0,0,0,-0.45,0,0,0,False
Diversified,-3.285,2.285,0.0,12.517499999999998,5.6325,4,0,0,0,-0.5,13.636363636363635,22,22,5.637499999999999,18.181818181818183,0,0,0,0,-0.0,0,0,0,False
