Industry,avg_rs_3m,avg_rs_6m,avg_daily_score,avg_weekly_score,avg_combined_score,stock_count,actionable_daily,actionable_weekly,strong_combined,rs_score,rs_rank,current_rank
Forest Materials,15.76,23.55666666666667,36.21,40.123333333333335,37.97,3,0,0,0,19.658333333333335,90.9090909090909,1
Healthcare,9.745076923076923,25.098307692307692,21.85446153846154,34.776769230769226,27.669538461538462,65,0,9,0,17.421692307692307,86.36363636363636,2
Capital Goods,8.925321100917431,22.138073394495414,17.746146788990824,31.129908256880732,23.768899082568808,109,0,10,0,15.531697247706422,81.81818181818183,3
Automobile and Auto Components,8.279183673469388,16.535102040816327,15.32061224489796,33.831428571428575,23.650408163265304,49,0,4,0,12.407142857142858,77.27272727272727,4
"Media, Entertainment & Publication",3.2454545454545456,4.463636363636364,12.771818181818183,32.32363636363636,21.57,11,0,1,0,3.8545454545454545,40.909090909090914,5
"Oil, Gas & Consumable Fuels",7.2689473684210535,12.969473684210525,15.176842105263159,28.866315789473685,21.336842105263155,19,0,2,0,10.11921052631579,68.18181818181817,6
Chemicals,6.256607142857143,13.071964285714285,15.678749999999999,26.69464285714286,20.635714285714283,56,0,3,0,9.664285714285715,63.63636363636363,7
Consumer Services,5.228571428571429,7.399761904761905,11.373571428571429,31.954047619047618,20.634999999999998,42,0,2,0,6.314166666666667,54.54545454545454,8
Financial Services,1.153217391304348,5.269826086956521,11.198521739130435,31.61417391304348,20.38591304347826,115,0,7,0,3.2115217391304345,31.818181818181817,9
Utilities,3.4699999999999998,20.384999999999998,9.445,31.669999999999998,19.445,2,0,0,0,11.927499999999998,72.72727272727273,10
Telecommunication,4.681666666666667,49.770833333333336,12.575833333333334,27.594166666666666,19.334166666666665,12,0,0,0,27.22625,100.0,11
Services,5.711333333333333,12.963666666666667,12.207666666666666,27.80633333333333,19.226666666666667,30,0,1,0,9.3375,59.09090909090909,12
Realty,1.973888888888889,8.931666666666667,9.228333333333332,30.046666666666667,18.59777777777778,18,0,0,0,5.4527777777777775,50.0,13
Textiles,11.113125,34.619375,16.7275,19.831875,18.124375,16,0,0,0,22.86625,95.45454545454545,14
Fast Moving Consumer Goods,0.8772727272727273,0.9075000000000002,9.587499999999999,28.299318181818183,18.007954545454545,44,0,2,0,0.8923863636363638,27.27272727272727,15
Metals & Mining,5.99,1.5185714285714287,11.468571428571428,23.795238095238094,17.016666666666666,21,0,0,0,3.7542857142857144,36.36363636363637,16
Information Technology,5.282631578947369,3.650263157894737,7.75578947368421,28.184473684210527,16.95,38,0,2,0,4.466447368421052,45.45454545454545,17
Consumer Durables,-2.210243902439024,2.069512195121951,5.949024390243903,28.37707317073171,16.041951219512196,41,0,2,0,-0.07036585365853654,22.727272727272727,18
Construction,-2.334814814814815,-0.07037037037037025,9.65037037037037,22.25185185185185,15.321481481481483,27,0,1,0,-1.2025925925925927,18.181818181818183,19
Construction Materials,-3.412666666666667,-9.794666666666666,4.22,27.769333333333332,14.818,15,0,0,0,-6.603666666666666,4.545454545454546,20
Power,-3.595263157894737,-1.8078947368421054,8.755263157894737,19.445789473684208,13.565263157894737,19,0,0,0,-2.701578947368421,9.090909090909092,21
Diversified,-4.1175,1.2874999999999996,0.0,12.517499999999998,5.6325,4,0,0,0,-1.415,13.636363636363635,22
