snapshot_date,ticker,Company Name,Industry,stage,stage_raw,stage_variant,stage_classification,stage_display,stage_confidence,stage_reason,stage_state_reason,stage_failed_since,last_stage2_date,stage_pending_raw,current_rank,interesting_priority,daily_setup_bucket,weekly_setup_bucket,combined_bucket,final_combined_score,rs_3m_pct,rs_6m_pct,volume_dryup_ratio,breakout_volume_ratio,weekly_volume_ratio,volume_is_drying_up,weekly_volume_is_drying_up,notes
2026-09-29,MOTILALOFS.NS,Motilal Oswal Financial Services Limited,Financial Services,Stage 2,Stage 2,Clean Stage 2,Clean Stage 2,Stage 2 • Clean Stage 2,0.9,"Price is above rising key averages, weekly structure is supportive, and the stock is near its 52-week high.",,,2026-09-28,,13,117.116,watchlist,weekly_breakout,watchlist,64.33,8.91,41.79,0.71,0.93,0.88,True,True,"Stage 2, Clean Stage 2, trend_template_ok, weekly_vcp_ok, volume_dryup, weekly_volume_dryup, weekly_strong"
2026-09-29,STAR.NS,Strides Pharma Science Limited,Healthcare,Stage 2,Stage 2,Clean Stage 2,Clean Stage 2,Stage 2 • Clean Stage 2,0.9,"Price is above rising key averages, weekly structure is supportive, and the stock is near its 52-week high.",,,2026-09-28,,20,114.854,watchlist,weekly_breakout,watchlist,61.77,10.59,20.54,0.58,0.46,0.38,True,True,"Stage 2, Clean Stage 2, trend_template_ok, weekly_vcp_ok, volume_dryup, weekly_volume_dryup, weekly_strong"
2026-09-29,SHILPAMED.NS,Shilpa Medicare Limited,Healthcare,Stage 2,Stage 2,Extended Stage 2,Extended Stage 2,Stage 2 • Extended Stage 2,0.78,"Advancing structure remains intact, but price is stretched versus key moving averages or far above the 52-week low.",,,2026-09-28,,22,114.308,watchlist,weekly_breakout,watchlist,61.54,79.52,170.29,0.48,0.77,0.35,True,True,"Stage 2, Extended Stage 2, trend_template_ok, weekly_vcp_ok, volume_dryup, weekly_volume_dryup, weekly_strong"
2026-09-29,LAURUSLABS.NS,Laurus Labs Limited,Healthcare,Stage 2,Stage 2,Extended Stage 2,Extended Stage 2,Stage 2 • Extended Stage 2,0.78,"Advancing structure remains intact, but price is stretched versus key moving averages or far above the 52-week low.",,,2026-09-28,,27,112.746,watchlist,weekly_breakout,watchlist,59.98,34.35,87.66,0.7,0.84,0.57,True,True,"Stage 2, Extended Stage 2, trend_template_ok, weekly_vcp_ok, volume_dryup, weekly_volume_dryup, weekly_strong"
2026-09-29,JKPAPER.NS,JK Paper Limited,Forest Materials,Stage 2,Stage 2,Early Stage 2,Early Stage 2,Stage 2 • Early Stage 2,0.72,"Price has moved above long-term structure, but the full moving-average stack is not clean yet.",,,2026-09-28,,11,111.866,watchlist,weekly_near_pivot,watchlist,65.58,19.36,20.38,0.61,0.48,0.29,True,True,"Stage 2, Early Stage 2, weekly_vcp_ok, volume_dryup, weekly_volume_dryup, weekly_strong"
2026-09-29,ACE.NS,Action Construction Equipment Limited,Capital Goods,Stage 2,Stage 2,Clean Stage 2,Clean Stage 2,Stage 2 • Clean Stage 2,0.9,"Price is above rising key averages, weekly structure is supportive, and the stock is near its 52-week high.",,,2026-09-28,,7,110.486,watchlist,weekly_breakout,watchlist,68.68,28.07,46.32,0.95,0.63,0.44,False,True,"Stage 2, Clean Stage 2, trend_template_ok, weekly_vcp_ok, weekly_volume_dryup, weekly_strong"
2026-09-29,VARROC.NS,Varroc Engineering Limited,Automobile and Auto Components,Stage 2,Stage 2,Clean Stage 2,Clean Stage 2,Stage 2 • Clean Stage 2,0.9,"Price is above rising key averages, weekly structure is supportive, and the stock is near its 52-week high.",,,2026-09-28,,19,109.19,watchlist,weekly_near_pivot,watchlist,62.2,31.74,71.7,0.45,1.02,0.35,True,True,"Stage 2, Clean Stage 2, trend_template_ok, weekly_vcp_ok, volume_dryup, weekly_volume_dryup, weekly_strong"
2026-09-29,RKFORGE.NS,Ramkrishna Forgings Limited,Capital Goods,Stage 2,Stage 2,Messy Stage 2,Messy Stage 2,Stage 2 • Messy Stage 2,0.64,"Long-term structure is still constructive, but the short-term/weekly structure is not clean.",,,2026-09-28,,21,108.6,watchlist,weekly_near_pivot,watchlist,61.75,29.82,41.51,0.38,1.28,0.4,True,True,"Stage 2, Messy Stage 2, trend_template_ok, weekly_vcp_ok, volume_dryup, weekly_volume_dryup, weekly_strong"
2026-09-29,SYRMA.NS,Syrma SGS Technology Limited,Capital Goods,Stage 2,Stage 2,Extended Stage 2,Extended Stage 2,Stage 2 • Extended Stage 2,0.78,"Advancing structure remains intact, but price is stretched versus key moving averages or far above the 52-week low.",,,2026-09-28,,12,108.37,watchlist,weekly_breakout,watchlist,64.35,29.17,110.02,1.72,0.52,0.65,False,True,"Stage 2, Extended Stage 2, trend_template_ok, weekly_vcp_ok, weekly_volume_dryup, weekly_strong"
2026-09-29,PTCIL.NS,PTC Industries Limited,Capital Goods,Stage 2,Stage 2,Clean Stage 2,Clean Stage 2,Stage 2 • Clean Stage 2,0.9,"Price is above rising key averages, weekly structure is supportive, and the stock is near its 52-week high.",,,2026-09-28,,24,107.664,watchlist,weekly_near_pivot,watchlist,60.82,32.9,45.34,0.47,0.55,0.34,True,True,"Stage 2, Clean Stage 2, trend_template_ok, weekly_vcp_ok, volume_dryup, weekly_volume_dryup, weekly_strong"
2026-09-29,AKUMS.NS,Akums Drugs and Pharmaceuticals Ltd.,Healthcare,Stage 2,Stage 2,Clean Stage 2,Clean Stage 2,Stage 2 • Clean Stage 2,0.9,"Price is above rising key averages, weekly structure is supportive, and the stock is near its 52-week high.",,,2026-09-28,,16,107.124,watchlist,weekly_breakout,watchlist,63.12,36.79,65.45,0.88,0.53,0.65,False,True,"Stage 2, Clean Stage 2, trend_template_ok, weekly_vcp_ok, weekly_volume_dryup, weekly_strong"
2026-09-29,INDGN.NS,Indegene Ltd.,Healthcare,Stage 2,Stage 2,Clean Stage 2,Clean Stage 2,Stage 2 • Clean Stage 2,0.9,"Price is above rising key averages, weekly structure is supportive, and the stock is near its 52-week high.",,,2026-09-28,,1,107.054,watchlist,weekly_breakout,watchlist,79.02,25.61,29.71,0.97,2.92,1.67,False,False,"Stage 2, Clean Stage 2, trend_template_ok, weekly_vcp_ok, weekly_strong"
2026-09-29,APLLTD.NS,Alembic Pharmaceuticals Limited,Healthcare,Stage 2,Stage 2,Early Stage 2,Early Stage 2,Stage 2 • Early Stage 2,0.72,"Price has moved above long-term structure, but the full moving-average stack is not clean yet.",,,2026-09-28,,6,103.742,watchlist,weekly_breakout,watchlist,68.71,12.18,33.74,1.96,2.8,2.09,False,False,"Stage 2, Early Stage 2, weekly_vcp_ok, weekly_strong"
2026-09-29,SPLPETRO.NS,Supreme Petrochem Limited,Chemicals,Stage 2,Stage 2,Clean Stage 2,Clean Stage 2,Stage 2 • Clean Stage 2,0.9,"Price is above rising key averages, weekly structure is supportive, and the stock is near its 52-week high.",,,2026-09-28,,8,103.142,watchlist,weekly_breakout,watchlist,68.21,22.04,14.95,1.25,2.95,1.13,False,False,"Stage 2, Clean Stage 2, trend_template_ok, weekly_vcp_ok, weekly_strong"
2026-09-29,AUROPHARMA.NS,Aurobindo Pharma Limited,Healthcare,Stage 2,Stage 2,Clean Stage 2,Clean Stage 2,Stage 2 • Clean Stage 2,0.9,"Price is above rising key averages, weekly structure is supportive, and the stock is near its 52-week high.",,,2026-09-28,,2,100.292,watchlist,weekly_near_pivot,watchlist,76.46,10.8,27.11,0.95,1.52,0.95,False,False,"Stage 2, Clean Stage 2, trend_template_ok, weekly_vcp_ok, weekly_strong"
2026-09-29,AARTIDRUGS.NS,Aarti Drugs Limited,Healthcare,Stage 2,Stage 2,Stage 2,Stage 2,Stage 2,0.76,Advancing structure detected.,,,2026-09-28,,3,99.484,watchlist,weekly_near_pivot,watchlist,73.67,16.9,21.2,1.22,3.52,1.98,False,False,"Stage 2, Stage 2, trend_template_ok, weekly_vcp_ok, weekly_strong"
2026-09-29,ENGINERSIN.NS,Engineers India Limited,Construction,Stage 2,Stage 2,Extended Stage 2,Extended Stage 2,Stage 2 • Extended Stage 2,0.78,"Advancing structure remains intact, but price is stretched versus key moving averages or far above the 52-week low.",,,2026-09-28,,18,99.462,watchlist,weekly_breakout,watchlist,62.31,37.73,55.08,1.81,0.73,2.13,False,False,"Stage 2, Extended Stage 2, trend_template_ok, weekly_vcp_ok, weekly_strong"
2026-09-29,JYOTICNC.NS,Jyoti CNC Automation Ltd.,Capital Goods,Stage 2,Stage 2,Early Stage 2,Early Stage 2,Stage 2 • Early Stage 2,0.72,"Price has moved above long-term structure, but the full moving-average stack is not clean yet.",,,2026-09-28,,23,98.924,watchlist,weekly_near_pivot,watchlist,60.87,43.55,38.59,1.31,0.49,0.71,False,True,"Stage 2, Early Stage 2, weekly_vcp_ok, weekly_volume_dryup, weekly_strong"
2026-09-29,DIVISLAB.NS,Divi's Laboratories Limited,Healthcare,Stage 2,Stage 2,Clean Stage 2,Clean Stage 2,Stage 2 • Clean Stage 2,0.9,"Price is above rising key averages, weekly structure is supportive, and the stock is near its 52-week high.",,,2026-09-28,,4,98.346,watchlist,weekly_near_pivot,watchlist,69.23,46.19,62.15,1.06,1.42,1.05,False,False,"Stage 2, Clean Stage 2, trend_template_ok, weekly_vcp_ok, weekly_strong"
2026-09-29,GLENMARK.NS,Glenmark Pharmaceuticals Limited,Healthcare,Stage 2,Stage 2,Clean Stage 2,Clean Stage 2,Stage 2 • Clean Stage 2,0.9,"Price is above rising key averages, weekly structure is supportive, and the stock is near its 52-week high.",,,2026-09-28,,5,98.052,watchlist,weekly_near_pivot,watchlist,69.01,16.57,16.57,1.2,2.5,1.61,False,False,"Stage 2, Clean Stage 2, trend_template_ok, weekly_vcp_ok, weekly_strong"
